Diameter,75%threshold Visibility Contrast
3,0.0674
4,0.0876
5,0.0876
6,0.0876
7,0.128
8,0.128
9,0.128
10,0.573
11,0.725999991748302
12,0.953999997609235
