Diameter,75%threshold Visibility Contrast
3,0.0674
4,0.0876
5,0.0876
6,0.0876
7,0.128
8,0.127999994042185
9,0.127999997747988
10,0.573
11,0.72588498402993
12,0.953999999993912
