Diameter,75%threshold Visibility Contrast
4,0.0202
5,0.00535
6,0.0451441474916117
7,0.238
8,0.0845768387786859
9,0.238
10,0.305019191839536
11,0.420908791428166
12,0.55900736949101
