mean,std
0.023285,0.008629
0.018602,0.014454
0.031819,0.010107
0.042800,0.008198
0.079487,0.021790
0.171285,0.058996
0.199431,0.089467
0.310358,0.076950
0.442954,0.119914
